{"cameraMode":{"drawMode":0,"name":"Shaded","section":"Shading Mode"},"sceneLighting":true,"audioPlay":false,"sceneViewState":{"showFog":true,"showMaterialUpdate":false,"showSkybox":true,"showFlares":true,"showImageEffects":true,"showParticleSystems":true,"showVisualEffectGraphs":true,"m_FxEnabled":true},"in2DMode":false,"pivot":{"x":0.3780878186225891,"y":-0.04325953498482704,"z":1.5742006301879883},"rotation":{"x":0.2941470146179199,"y":-0.7051765322685242,"z":0.43721961975097659,"w":0.4744092524051666},"size":4.865000247955322,"orthographic":false}