{"cameraMode":{"drawMode":0,"name":"Shaded","section":"Shading Mode"},"sceneLighting":false,"audioPlay":false,"sceneViewState":{"showFog":true,"showMaterialUpdate":false,"showSkybox":false,"showFlares":true,"showImageEffects":true,"showParticleSystems":true,"showVisualEffectGraphs":true,"m_FxEnabled":true},"in2DMode":false,"pivot":{"x":0.327079176902771,"y":2.7952651977539064,"z":10.902414321899414},"rotation":{"x":0.005099834408611059,"y":-0.004806891083717346,"z":-0.000024039838535827585,"w":-0.9999827742576599},"size":3.5845565795898439,"orthographic":false}